{
  "peliculas": [
    {
      "id": 1,
      "titulo": "Avengers: Endgame",
      "sinopsis": "Después de los eventos devastadores de Avengers: Infinity War, el universo está en ruinas debido a las acciones de Thanos, el Titán Loco. Con la ayuda de los aliados que quedaron, los Vengadores deben reunirse una vez más para deshacer sus acciones y restaurar el orden en el universo de una vez por todas, si importar cuáles son las consecuencias.",
      "trailer": "https://www.youtube.com/watch?v=1XrrTJpA3yM",
      "poster": "endgame.jpg",
      "director": "Russo Brothers",
      "precio": 15.50,
      "categorias":[
        {"cat": "Ciencia ficcion"},
        {"cat": "Aventura"}
      ],
      "anno": 2019,
      "puntuacion": 5,
      "novedades": true,
      "mas_vistas": false,
      "actores": [
          {
            "nombre": "Chris Evans",
            "personaje": "Capitan America",
            "foto": "images/actores/chris_evans.jpg"
          },
          {
            "nombre": "Zoe Saldana",
            "personaje": "Gamora",
            "foto": "images/actores/zoe_saldana.jpg"
          }
      ]
    },
    {
      "id": 2,
      "titulo": "El Rey León 2019",
      "sinopsis": "Tras el asesinato de su padre, Simba, un joven león es apartado su reino y tendrá que descubrir con ayuda de amigos de la sabana africana el significado de la responsabilidad y la valentía. Más tarde volverá para recuperar el control de su reino.",
      "trailer": "https://www.youtube.com/watch?v=mb79ctR-E-c",
      "poster": "rey_leon.jpg",
      "director": "Jon Favreau",
      "precio": 12,
      "categorias":[
        {"cat": "Drama"},
        {"cat": "Aventura"}
      ],
      "anno": 2019,
      "puntuacion": 5,
      "novedades": true,
      "mas_vistas": true,
      "actores": [
          {
            "nombre": "Beyonce",
            "personaje": "Nala",
            "foto": "images/actores/beyonce.jpg"
          },
          {
            "nombre": "Donald Glover",
            "personaje": "Simba",
            "foto": "images/actores/donald_glover.jpg"
          }
      ]
    },
    {
      "id": 3,
      "titulo": "El gran showman",
      "sinopsis": "Estados Unidos, siglo XIX. P.T. Barnum acaba de perder su trabajo de oficinista porque la empresa para la que trabajaba se ha ido a la bancarrota. Deseoso de ofrecer a su esposa Charity y a sus dos hijas la vida que siempre les había prometido, Barnum se embarca en un proyecto colosal: crear un gran y asombroso espectáculo circense. Para ello, este inventor del show bussines buscará artistas únicos, desde enanos, a mujeres barbudas, equilibristas y toda clase de shows imaginativos. Su lema: para hacer algo nuevo hay que hacer algo poco convencional. ",
      "trailer": "https://www.youtube.com/watch?v=iX6RElPxtf0",
      "poster": "gran_showman.jpg",
      "director": "Michael Gracey",
      "precio": 8,
      "categorias":[
        {"cat": "Drama"},
        {"cat": "Musical"}
      ],
      "anno": 2017,
      "puntuacion": 4,
      "novedades": false,
      "mas_vistas": true,
      "actores": [
          {
            "nombre": "Hugh Jackman",
            "personaje": "P.T. Barnum",
            "foto": "images/actores/hugh_jackman.jpg"
          },
          {
            "nombre": "Zendaya",
            "personaje": "Anne Wheeler",
            "foto": "images/actores/zendaya.jpg"
          },
          {
            "nombre": "Zac Efron ",
            "personaje": "Phillip Carlyle",
            "foto": "images/actores/zac_efron.jpg"
          }
      ]
    },
    {
      "id": 4,
      "titulo": "Minions",
      "sinopsis": "La historia de Los Minions se remonta al principio de los tiempos. Empezaron siendo organismos amarillos unicelulares que evolucionaron a través del tiempo, poniéndose siempre al servicio de los amos más despreciables. Ante su incapacidad para mantener a esos amos – desde el T. Rex a Napoleón –, los Minions acaban encontrándose solos y caen en una profunda depresión. Sin embargo, uno de ellos, llamado Kevin, tiene un plan. Acompañado por el rebelde Stuart y el adorable Bob, emprende un emocionante viaje para conseguir una jefa a quien servir, la terrible Scarlet Overkill. Pasarán de la helada Antártida, a la ciudad de Nueva York en los años sesenta, para acabar en el Londres de la misma época, donde deberán enfrentarse al mayor reto hasta la fecha: salvar a la raza Minion de la aniquilación.",
      "trailer": "https://www.youtube.com/watch?v=eisKxhjBnZ0",
      "poster": "minions.jpg",
      "director": "Kyle Balda, Pierre Coffin",
      "precio": 7,
      "categorias":[
        {"cat": "Comedia"},
        {"cat": "Animación"}
      ],
      "anno": 2015,
      "puntuacion": 4,
      "novedades": false,
      "mas_vistas": false,
      "actores": [
          {
            "nombre": "Sandra Bullock",
            "personaje": " Scarlet Overkill",
            "foto": "images/actores/sandra_bullock.jpg"
          }
      ]
    },
    {
      "id": 6,
      "titulo": "Camp Rock",
      "sinopsis": "Mitchie López es una simpática chica que está deseando poder entrar en un campamento de música. Su única opción es trabajar en la cocina del campamento, donde un día la escucha cantar, por casualidad, una atractiva estrella del pop llamada Shane Gray. Shane sólo escucha cantar a Mitchie, no la ve, así que el intenta descubir quién es ella.",
      "trailer": "https://www.youtube.com/watch?v=chqevL3FSz8",
      "poster": "camp_rock.jpg",
      "director": "Matthew Diamond",
      "precio": 10,
      "categorias":[
        {"cat": "Comedia"},
        {"cat": "Musical"},
        {"cat": "Romántica"}
      ],
      "anno": 208,
      "puntuacion": 5,
      "novedades": false,
      "mas_vistas": true,
      "actores": [
          {
            "nombre": "Demi Lovato",
            "personaje": "Mitchie López",
            "foto": "images/actores/demi_lovato.jpg"
          },
          {
            "nombre": "Joe Jonas",
            "personaje": "Shane Gray",
            "foto": "images/actores/joe_jonas.jpg"
          }
      ]
    }
  ]
}
